<?xml version="1.0" encoding="UTF-8"?>
<project-private xmlns="http://www.netbeans.org/ns/project-private/1">
    <editor-bookmarks xmlns="http://www.netbeans.org/ns/editor-bookmarks/2" lastBookmarkId="0"/>
    <open-files xmlns="http://www.netbeans.org/ns/projectui-open-files/2">
        <group>
            <file>file:/C:/Users/dotha/OneDrive/Documents/NetBeansProjects/PizzaManagementSystem/src/java/dal/MenuItemDAO.java</file>
            <file>file:/C:/Users/dotha/OneDrive/Documents/NetBeansProjects/PizzaManagementSystem/src/java/Controller/CashPaymentServlet.java</file>
            <file>file:/C:/Users/dotha/OneDrive/Documents/NetBeansProjects/PizzaManagementSystem/web/WEB-INF/web.xml</file>
            <file>file:/C:/Users/dotha/OneDrive/Documents/NetBeansProjects/PizzaManagementSystem/src/java/Controller/ApplyVouncherServlet.java</file>
            <file>file:/C:/Users/dotha/OneDrive/Documents/NetBeansProjects/PizzaManagementSystem/web/CashPaymentPage.jsp</file>
            <file>file:/C:/Users/dotha/OneDrive/Documents/NetBeansProjects/PizzaManagementSystem/src/java/Controller/HomeServlet.java</file>
            <file>file:/C:/Users/dotha/OneDrive/Documents/NetBeansProjects/PizzaManagementSystem/web/HomePage.jsp</file>
            <file>file:/C:/Users/dotha/OneDrive/Documents/NetBeansProjects/PizzaManagementSystem/src/java/dal/DBConnection.java</file>
            <file>file:/C:/Users/dotha/OneDrive/Documents/NetBeansProjects/PizzaManagementSystem/src/java/dal/PromotionDAO.java</file>
        </group>
    </open-files>
</project-private>
